user,assistant
Pablo Vegetti,"Pablo Vegetti is a traditional target man, excelling in aerial duels and finishing chances in the box. He would be most effective in a system that relies on crossing and provides frequent service into the penalty area.
Vegetti's main strengths are: Aerial Ability, which indicates exceptional strength in aerial duels, making him a key target in the box< and Finishing and Opportunism, which suggets his finalization is strong and his opportunism are excellent, highlighting his clinical nature in scoring chances.
Vegetti's main weaknesses are: Playmaking, indicating limited contribution to creating chances for teammates; Defensive Work Rate, since his recomposition (defensive tracking back) is weak; and Dribbling: below-average performance in dribbling, reflecting limited ability to beat defenders individually.
Teams with a creative midfield and wingers delivering quality crosses would maximize his strengths, while his limited playmaking and defensive contributions would need to be offset by more dynamic teammates."
Gabriel Barbosa,"Gabriel Barbosa's profile highlights his offensive potential, particularly in scenarios where finishing and positional awareness are key.
Gabriel's main strength is: Poaching, since his ability to capitalize on scoring chances and position himself effectively in goal-scoring situations stands out.
Gabriel's main weaknesses are: Dribbling, as he shows a significant limitation in taking on defenders, reducing his effectiveness in creating chances independently;
Involvement and Pressing, as he is below-average in terms of defensive contribution and off-the-ball movement, which may limit his fit in pressing systems; and Hold-up Play, which he is also below-average ability to hold the ball under pressure, impacting his role in link-up plays.
Gabriel Barbosa is most effective in systems prioritizing quick transitions and a direct style of play. He thrives when he can focus on finishing chances and exploiting positional advantages in the box. However, he might struggle in styles that demand high pressing or intricate buildup play, given his weaker involvement and dribbling abilities."
